UPDATE,NOTE,STATUS,CODE,CLASS,DISTRICT,DEPT,REG,PROVINCE,CITY,TOWN,BARANGAY,SITIO,REQUESTING PARTY,RECIPIENT,INDORSED BY,IND_DATE,DIS_DATE,TYPE OF DISASTER,AMT_REQD,INFRA,AGRI,SCHOOL,HEALTH,SHELTER,ENVIRONMENT,OTHERS,DATE_REQD,DATE_OCD,AMT_RECOM,RECOM_DATE,PURPOSE,PURPOSE1,CFMU_C1,CFMU_C2,LOC_DATE,LOC_CFMU,CMONTH,YEAR,ACT_TAKEN1,ACT_DATE1,ACT_TAKEN2,ACT_DATE2,REMARKS,REM_DEPT,NO OF PROJECTS,OTHERS
04/29/2013,CF,,NGA,,,LWUA,6,,,,,,CHAIRMAN RENE C. VILLA,LOCAL WATER UTILITIES ADMINISTRATION,DPWH SECRETARY ROGELIO L SINGSON,10/25/2013,,T QUINTA IN 2012,7337329.40,7337329.40,,,,,,,04/29/2013,11/28/2013,7337329.40,01/13/2014,REPAIR/REHABILITATION OF WATER SUPPLY SYSTEMS IN CAPIZ AND ILOILO,WATER SYSTEM,B,B5,,,04-13,2013,19,01/13/2014,,,"NDRRMC RECOMMENDED THE RELEASE OF P7,337,329.40 TO LWUA FOR OP APPROVAL",19,4,
11/26/2013,CF,,NGA,,,LWUA,3,AURORA,,DIPACULAO,,,CHAIRMAN RENE C. VILLA,LOCAL WATER UTILITIES ADMINISTRATION,DPWH SECRETARY ROGELIO L SINGSON,11/26/2013,,T LABUYO IN AUGUST 2013,1200000.00,1200000.00,,,,,,,08/23/2013,12/10/2013,1200000.00,01/13/2014,REHABILITATION OF DIPACULAO WATER DISTRICT ,WATER SYSTEM,B,B5,,,11-13,2013,19,01/13/2014,,,NDRRMC RECOMMENDED THE RELEASE OF P1.2MILLION TO LWUA FOR OP APPROVAL,19,1,
11/21/2013,CF,,LGU,,,,8,LEYTE,,SAN ISIDRO,,,MAYOR SUASAN YAP ANG,"SAN ISIDRO, LEYTE",,,,"T YOLANDA IN NOVEMBER 08, 2013",,,,,,,,,11/15/2013,11/22/2013,,,REHABILITATION OF INFRASTRUCTURE PROJECT,OTHERS,B,B7,,,11-13,2013,12,12/27/2013,,,NDRRMC REFERRED TO OCDRO VIII FOR INCLUSION ON THE PDNA FOR T YOLANDA,12,1,
11/21/2013,CF,,LGU,,,,8,NORTHERN SAMAR,,SAN ROQUE,,,MAYOR DON L ABALON,"SAN ROQUE, NORTHERN SAMAR",,,,"T YOLANDA IN NOVEMBER 08, 2013",,,,,,,,,,11/22/2013,,,REHABILITATION OF INFRASTRUCTURE PROJECT,OTHERS,B,B7,,,,,12,12/27/2013,,,NDRRMC REFERRED TO OCDRO VIII FOR INCLUSION ON THE PDNA FOR T YOLANDA,12,1,
11/18/2013,CF,,LGU,,,,2,CAGAYAN,,PIAT,,,MAYOR R CARMELO O VILLACETE,"PIAT, CAGAYAN",,,,T VINTA IN 2013,,,,,,,,,11/05/2013,11/18/2013,,,FINANCIAL ASSISTANCE ,FA,A,A1,,,11-13,2013,12,12/27/2013,,,NDRRMC REFERRED TO OCDRO II FOR APPROPRIATE ACTION,12,1,
11/27/2013,CF,,LGU,,,,3,ZAMBALES,,,,,MS MA REMEDIOS BUENO COADY,ZAMBALES,,,,,,,,,,,,,11/19/2013,11/27/2013,,,IMPROVEMENT/REHABILITATION OF SLOPE PROTECTION WORKS OF THE ROSABAN-POONBATO-BELBEL AND POONBATO-LIGLIG ROADS,ROAD,B,B1,,,11-13,2013,13,01/29/2014,,,NDRRMC REFERRED SAID REQUEST TO OCDRO 3 FOR APPROPRIATE ACTION ,13,2,
01/20/2014,CF,,NGA,,,DPWH,10,,,,,,SEC ROGELIO L SINGSON,DPWH REGION 10,,,,TS SENDONG 2011,137107000.00,137107000.00,,,,,,,01/20/2014,12/09/2013,137107000.00,01/22/2014,RECONSTRUCTION/REPLACEMENT OF FLOOD CONTROL WORKS AND DRAINAGE STRUCTURES,OTHERS,B,B7,,,01-14,2014,19,01/22/2014,,,NDRRMC RECOMMENDED THE RELEASE OF P137.107M CF FOR OP APPROVAL,19,5,
12/09/2013,CF,,LGU,,,,1,ILOCOS NORTE,,VINTAR,,,MAYOR JOSE G FORONDA,"VINTAR, ILOCOS NORTE",,,,T ODETTE IN 2013,104819000.00,104819000.00,,,,,,,10/08/2013,12/09/2013,,,REPAIR OF THE PORTION OF THE VINTAR FLOOD CONTROL STRUCTURE (DIKE) LOCATED AT BARANGAY #5,FLOOD CONTROL,B,B3,,,10-13,2013,12,01/27/2014,,,NDRRMC REFERRED THE REQUEST TO OCDR=O 1 FOR APPROPRIATE ACTION,12,1,
12/26/2013,CF,,LGU,,,,10,BUKIDNON,,LIBONA,,,MAYOR LEANARDO GENESIS T CALINGGASAN,"LIBONA, BUKIDNON",,,,TS SENDONG 2011,7900000.00,7900000.00,,,,,,,10/29/2013,12/26/2013,,,"CONCRETING OF ACCESS ROAD AND CONSTRUCTION OF DRAINAGE SYSTEM (LEADING TO PAGLAUM RESETTLEMENT AREA), BRGY POBLACION",ROAD,B,B1,,,10-13,2013,18,01/28/2014,,,NDRRMC REFERRED TO DPWH FOR RE-ASSESSMENT AND RECOMMENDATION ,18,1,
11/25/2013,CF,,LGU,,,,16,MAGUINDANAO,,AMPATUAN,,,MAYOR DATU RASUL M SANGKI,"AMPATUAN, MAGUINDANAO",,,,FLASHFLOOD IN JULY 2013,8000000.00,8000000.00,,,,,,,11/25/2013,09/25/2013,,,REPAIR/REHABILITATION OF BARANGAY ROADS ,ROAD,B,B1,,,09-13,2013,18,01/28/2014,,,NDRRMC REFERRED TO DPWH FOR RE-ASSESSMENT AND RECOMMENDATION ,18,1,
11/25/2013,CF,,LGU,,,,16,MAGUINDANAO,,GEN SALIPADA PENDATUN,,,MAYOR SAHJID KHAN P PENDATUN,"SEN SALIPADA K PENDATUN, MAGUINDANAO",,,,MONSOON RAINS IN 2012,29000000.00,29000000.00,,,,,,,10/24/2013,09/25/2013,,,REPAIR/REHABILITATION OF BARANGAY ROADS ,ROAD,B,B1,,,10-13,2013,18,01/28/2014,,,NDRRMC REFERRED TO DPWH FOR RE-ASSESSMENT AND RECOMMENDATION ,18,1,
11/13/2014,CF,,LGU,,,DPWH,4,RIZAL,,ANGONO,,,MAYOR GERARDO V CALDERON,"ANGONO, RIZAL",DPWH SECRETARY ROGELIO L SINGSON,02/05/2014,,"HABAGAT & T MARING - AUGUST 18-20, 2013",27779000.00,27779000.00,,,,,,,08/23/2013,02/13/2014,,,"IMPROVEMENT/CONSTRUCTION O GRAVITY WALL WITH GABIONS AS FOUNDATION ALONG AGONON RIVER AT INTERMITITTENT SECTION FRON STA. 0+700-STA. 7+000, ANGONO, RIZAL",,B,B1,,,08-13,2013,,,,,FOR EVALUATION ,,1,
02/24/2014,CF,,LGU,,,,4,ORIENTAL MINDORO,,POLA,,,MAYOR LEANDRO P PANGANIBAN JR,"POLA, ORIENTAL MINDORO",,,,,9500000.00,9500000.00,,,,,,,02/12/2014,02/24/2014,,,CONSTRUCTION/IMPROVEMENT OF POLA RIVER CONTROL AND SEAWALL (PHASE 4),RIVER CONTROL,B,B3,,,02-14,2014,,,,,FOR EVALUATION ,,1,
02/24/2014,CF,,LGU,,,,3,ZAMBALES,,SAN MARCELINO,,,MAYOR JOSE F RODRIGUEZ,"SAN MARCELINO, ZAMBALES",DPWH SECRETARY ROGELIO L SINGSON,02/14/2014,,T ODETTE IN 2013,10000000.00,10000000.00,,,,,,,05/03/2013,02/24/2014,,,"REPAIR/REHABILITATION OF FARM-TO-MARKETS, BRGY AGLAW AND BUHAWEN TO PROVINCIAL ROAD NETWORK, SAN MARCELINO, ZAMBALES",ROAD,B,B1,,,05-13,2013,,,,,FOR PROCESSING ,,1,
02/24/2014,CF,,LGU,,,,11,DAVAO ORIENTAL,,BOSTON,,,MAYOR REBECCA B ROSIT SR,"BOSTON, DAVAO ORIENTAL",,,,,22873954.52,22873954.52,,,,,,,01/27/2014,02/24/2014,,,CONSTRUCTION OF ROADS,ROAD,B,B1,,,01-14,2014,,,,,FOR EVALUATION ,,1,
02/24/2014,CF,,LGU,4TH,,,5,CAMARINES SUR,,PRESENTACION,,,MAYOR JIMMY V DELENA,"PRESENTACION, CAMARINES SUR",,,,,50000000.00,50000000.00,,,,,,,02/18/2014,02/24/2014,,,REHABILITATION/CONSTRUCTION OF BARANGAY ROADS,ROAD,B,B1,,,02-14,2014,,,,,FOR EVALUATION ,,1,
02/24/2014,CF,,LGU,,,,3,ZAMBALES,,SUBIC,,,MAYOR JEFFERSON F KHONGHUN,"SUBIC, ZAMBALES",,,,HABAGAT - SEPT 2013,,,,,,,,,05/02/2014,02/24/2014,,,DESILTING OF RIVERS,RIVERS,B,B1,,,02-14,2014,,,,,FOR EVALUATION ,,1,
02/24/2014,CF,,NGA,,,DPWH,4,ROMBLON,,,,,SEC ROGELIO L SINGSON,DPWH ROMBLON,,,,T YOLONDA - 2013,226219000.00,226219000.00,,,,,,,02/17/2014,02/24/2014,,,CONSTRUCTION OF RIVER CONTROL PROJECTS IN THE PROVINCE OF ROMBLON,RIVER CONTROL,B,B3,,,02-14,2014,,,,,FOR PROCESSING ,,6,
02/03/2014,CF,,NGA,,,DPWH,10,,,,,,SEC ROGELIO L SINGSON,DPWH REGION 10,,,,T SENDONG - 2011,248363075.00,248363075.00,,,,,,,02/03/2014,02/13/2014,,,"RECONSTRUCTION OF FLOOD CONTROL ALONG IPONAN RIVER, CAGAYAN DE ORO CITY AND MANDULOG RIVER, ILIGAN CITY",RIVER CONTROL,B,B3,,,02-14,2014,,,,,FOR PROCESSING ,,2,
02/14/2014,CF,,NGA,,,CHED,,,,,,,CHAIRPERSON PATRICIA B LICUANAN ,CHED,,,,"T LABUYO, ODETTE, PABLO, SANTI, SENDONG, VINTA, YOLANDA, ZAMBOANGA SEIGE, AND CEBU & BOHOL EARTHQUAKE",4101042105.00,4101042105.00,,,,,,,02/13/2014,02/14/2014,,,REPAIR/REHABILITATION OF SUCS BUILDINGS AND FACILITIES,SCHOOL BUILDING,B,B2,,,02-14,2014,,,,,FOR EVALUATION ,,,
02/13/2014,CF,,NGA,,,DPWH,10,LANAO DEL NORTE,ILIGAN CITY,,,,SEC ROGELIO L SINGSON,DPWH REGION 10,,,,T SENDONG - 2011,3620000.00,3620000.00,,,,,,,02/05/2014,02/13/2014,,,CONSTRUCTION OF FLOOD CONTROL ALONG ILIGAN AND PUGA-AN RIVERS,FLOOD CONTROL,B,B3,,,02-14,2014,,,,,FOR EVALUATION ,,1,
02/13/2014,CF,,NGA,,,DPWH,13,,,,,,SEC ROGELIO L SINGSON,DPWH CARAGA REGION,,,,"T YOLANDA IN NOVEMBER 08, 2013",2755000.00,2755000.00,,,,,,,02/05/2014,02/13/2014,,,REPAIR/RESTORATION OF INFRASTRUCTURE PROJECTS IN THE PROVINCE OF SURIGAO DEL NORTE AND DINAGAT ISLAND,OTHERS,B,B7,,,02-14,2014,,,,,FOR PROCESSING ,,4,
02/21/2014,CF,,LGU,,,,5,CATANDUANES,,,,,CONG CESAR V SARMIENTO,"CATANDUANES, LONE DISTRICT",,,,"T YOLANDA IN NOVEMBER 08, 2013",66819000.00,66819000.00,,,,,,,02/19/2014,01/21/2014,,,REPAIR/REHABILITATION OF INFRASTRUCTURE PROJECTS,OTHERS,B,B7,,,11-13,2013,,,,,FOR EVALUATION ,,1,
02/18/2014,CF,,LGU,,,,6,ILOILO,,DUMANGAS,,,MAYOR ROLANDO B DISTURA,"DUMANGAS, ILOILO","RD, OCDRO 6",,,T QUINTA - 2012,89000000.00,89000000.00,,,,,,,02/17/2013,05/15/2013,,,REPAIR/REHABILITATION OF INFRASTRUCTURE PROJECTS,OTHERS,B,B7,,,02-13,2013,18,08/10/2013,,,REFERRED TO DPWH FOR VALIDATION AND RECOMMENDATION,18,9,
02/20/2014,CF,,LGU,,,,8,NORTHERN SAMAR,,SAN ROQUE,,,MAYOR DON L ABALON,"SAN ROQUE, NORTHERN SAMAR",,,,T AGATON IN 2013,39750000.00,39750000.00,,,,,,,01-20-2014,02/20/2014,,,REPAIR/REHABILITATION OF INFRASTRUCTURE PROJECTS,OTHERS,B,B7,,,01-14,2014,,,,,FOR EVALUATION ,,7,
02/20/2014,CF,,LGU,,,,10,LANAO DEL NORTE,,MATUNGAO,,,MAYOR AISHA A AZIS,"MATUNGAO, LANAO DEL NORTE",,,,T AGATON IN 2013,,,,,,,,,02/12/2014,02/20/2014,,,REPAIR/REHABILITATION OF WATER SYSTEM AND BAILEY BRIDGE IN MATUNGAO,OTHERS,B,B7,,,02-14,2014,,,,,FOR EVALUATION ,,2,
02/18/2014,CF,,LGU,,,,13,AGUSAN DEL NORTE,BUTUAN CITY,,,,MAYOR FERDINAND M AMANTE JR,"BUTUAN CITY, AGUSAN DEL NORTE",,,,T AGATON IN 2013,7500000.00,7500000.00,,,,,,,02/12/2014,02/18/2014,,,DESILTING OF THE AGUSAN RIVER,OTHERS,B,B3,,,02-14,2014,,,,,FOR EVALUATION ,,1,
02/14/2014,CF,,LGU,,,,7,BOHOL,,JAGNA,ALEJAWAN,,BRGY CAPTAIN TEOFILO T RANA,"BRGY ALEJAWAN, JAGNA, BOHOL",CONG ARTHUR C YAP,01/29/2014,,,2000000.00,2000000.00,,,,,,,01/06/2014,02/14/2014,,,CONSTRUCTION OF SEAWALL ALONG COAST LINE OF ALEJAWAN BRGY ROAD,SEAWALL,B,B3,,,01-14,2014,,,,,FOR EVALUATION ,,1,
02/14/2014,CF,,LGU,,,,7,BOHOL,,JAGNA,CANTAGAY,,BRGY CAPTAIN JOEL O ROSARIO,"BRGY CANTAGAY, JAGNA, BOHOL",CONG ARTHUR C YAP,01/29/2014,,,1000000.00,1000000.00,,,,,,,01/13/2014,02/14/2014,,,PURCHASE OF DISASTER EQUIPMENT,EQUIPMENT,D,,,,01-14,2014,,,,,FOR EVALUATION ,,1,
02/14/2014,CF,,LGU,,,,8,SOUTHERN LEYTE,,SAN RICARDO,,,MAYOR WILLIAM G. YU,"SAN RICARDO, SOUTHERN LEYTE",,,,"T YOLANDA IN NOVEMBER 08, 2013",18560112.00,18560112.00,,,,,,,11/15/2013,02/14/2014,,,REPAIR/REHABILITATION OF INFRASTRUCTURE PROJECTS,OTHERS,B,B7,,,11-13,2013,,,,,FOR EVALUATION ,,5,
02/13/2014,CF,,LGU,,,DPWH,4,OCCIDENTAL MINDORO,,LUBANG,,,MAYOR JUAN M SANCHEZ,"LUBANG, OCCIDENTAL MINDORO",DPWH SECRETARY ROGELIO L SINGSON,02/05/2014,,"T GENER, OFEL, PABLO IN 2012",17000000.00,17000000.00,,,,,,,05/24/2013,02/13/2014,,,"RECONSTRUCTION/REHABILITATION OF POBLACION WEST SEAWALL, LUBANG, OCCIDENTAL MINDORO",SEAWALL,B,B3,,,05-13,2013,,,,,FOR PROCESSING ,,1,
02/13/2014,CF,,NGA,,,DPWH,1,PANGASINAN,,,,,SEC ROGELIO L SINGSON,DPWH PANGASINAN 4TH DEO,,,,"T LABUYO, MARING & HABAGAT IN 2013",2809000.00,2809000.00,,,,,,,01/29/2014,02/13/2014,,,REPAIR/REHABILITATION OF ROADS,ROAD,B,B1,,,01-14,2014,,,,,FOR PROCESSING ,,5,
02/13/2014,CF,,NGA,,,DPWH,1,ILOCOS NORTE,,,,,SEC ROGELIO L SINGSON,DPWH ILOCOS NORTE 2ND DEO,,,,T ODETTE IN 2013,139736000.00,139736000.00,,,,,,,02/03/2014,02/13/2014,,,CONSTRUCTION/REPAIR/REHABILITATION OF FLOOD CONTROL PROJECTS,FLOOD CONTROL,B,B3,,,02-14,2014,,,,,FOR PROCESSING ,,5,
02/13/2014,CF,,NGA,,,DPWH,2,ISABELA,,,,,SEC ROGELIO L SINGSON,DPWH ISABELA 4TH DEO,,,,T LABUYO IN 2013,11371000.00,11371000.00,,,,,,,02/05/2014,02/13/2014,,,REPAIR/REHABILITATION OF FLOOD CONTROL PROEJCTS ALONG CAGAYAN RIVER,FLOOD CONTROL,B,B3,,,02-14,2014,,,,,FOR PROCESSING ,,3,
02/07/2014,CF,,LGU,,,,1,LA UNION,,CABA,,,GOV MANUEL C ORTEGA,LA UNION,"RD MELCHITO CASTRO, OCDRO 1",02/05/2014,,T LABUYO & MARING IN 2013,75000000.00,75000000.00,,,,,,,02/05/2014,02/07/2014,,,REHABILITATION OF INFRASTRUCTURE PROJECTS,OTHERS,B,B7,,,02-14,2014,,,,,FOR PROCESSING ,,6,
02/04/2014,CF,,NGA,,1ST,DPWH,7,CEBU,,,,,SEC ROGELIO L SINGSON,DPWH CEBU 1ST DEO,,,,"T YOLANDA IN NOVEMBER 08, 2013",63000000.00,63000000.00,,,,,,,02/03/2014,02/04/2014,,,CONSTRUCTION OF FLOOD CONTROL/DRAINAGE FACILITIES ALONG CEBU NORTH HAGNAYA WHARF ROAD & BOGO-CURVA-MEDELLIN-DAANBANTAYAN ROAD,OTHERS,B,B3,,,02-14,2014,,,,,FOR PROCESSING ,,2,
02/03/014,CF,,NGA,,,DPWH,11,DAVAO DEL NORTE,,,,,USEC ROMEO S MOMO,NIA - DAVAO DEL NORTE,,,,"T GENER, HELEN, OFEL, PABLO, AND HANGING HABAGAT IN 2012",49500000.00,49500000.00,,,,,,,01/27/2014,02/03/2014,,,REPAIR/REHABILITATION OF IRRIGATION FACILITIES,IRRIGATION SYSTEM,C,C1,,,01-14,2014,,,,,FOR PROCESSING ,,8,
02/03/014,CF,,NGA,,,DPWH,11,DAVAO ORIENTAL,,LUPON,,,USEC ROMEO S MOMO,"NIA - LUPON, DAVAO ORIENTAL",,,,"T GENER, HELEN, OFEL, PABLO, AND HANGING HABAGAT IN 2012",1000000.00,1000000.00,,,,,,,01/14/2014,01/21/2014,,,"REPAIR/REHABILITATION OF IRRIGATION FACILITIES IN LUPON, DAVAO ORIENTAL",IRRIGATION SYSTEM,C,C1,,,01-14,2014,,,,,FOR PROCESSING ,,1,
02/13/2014,CF,,LGU,,,,9,ZAMBOANGA SIBUGAY,,ALICIA,,,MAYOR YASHIER S MUSA,"ALICIA, ZAMBOANGA SIBUGAY",,,,,2500000.00,2500000.00,,,,,,,02/05/2014,02/13/2014,,,CONSTRUCTION OF MDMO ,BUILDING,B,B3,,,02-14,2014,,,,,FOR EVALUATION ,,1,
12/10/2013,CF,,NGA,,,DPWH,5,ALBAY,,,,,USEC ROMEO S MOMO,NIA - ALBAY,,,,"T GENER, HELEN, OFEL, PABLO, AND HANGING HABAGAT IN 2012",3005000.00,3005000.00,,,,,,,11/22/2013,12/10/2013,,,REPAIR/REHABILITATION OF IRRIGATION FACILITIES IN ALBAY,IRRIGATION SYSTEM,C,C1,,,11-13,2013,,,,,FOR PROCESSING ,,4,
02/05/2014,CF,,NGA,,,DPWH,3,,,,,,SEC ROGELIO L SINGSON,DPWH REGION 3,,,,T SANTI - 2013,196422363.89,196422363.89,,,,,,,01/30/2014,02/05/2014,,,REPAIR/REHABILITATION OF INFRASTRUCTURE PROJECTS,OTHERS,B,B7,,,01-14,2014,,,,,FOR PROCESSING ,,31,
01/15/2014,CF,,NGA,,,DPWH,1,ILOCOS NORTE,,SOLSONA,,,SEC ROGELIO L SINGSON,DPWH ILOCOS NORTE 2ND DEO,,,,T ODETTE IN 2013,10000000.00,10000000.00,,,,,,,01/08/2014,01/15/2014,,,REPAIR/REHABILITATION OF ILOCOS NORTE-APAYAO ROAD,ROAD,B,B1,,,01-14,2014,,,,,FOR PROCESSING ,,1,
01/13/2014,CF,,LGU,,1ST,,11,COMPOSTELA VALLEY,,,,,CONG MARIA CARMEN ZAMORA,COMPOSTELA VALLEY 1ST DISTRICT,,,,T PABLO - 2012,122130000.00,122130000.00,,,,,,,11/26/2013,01/13/2013,,,REPAIR/REHABILITATION  OF INFRASTRUCTURE PROJECTS IN THE 1ST DISTRICT OF COMPOSTELA VALLEY,OTHERS,B,B7,,,11-13,2013,,,,,FOR EVALUATION ,,8,
10/13/2013,CF,,LGU,,,,15,ABRA,,PILAR,,,MAYOR JAJA JOSEFINA S DISONO,"PILAR, ABRA",,,,T PABLO - 2012,10000000.00,10000000.00,,,,,,,08/02/2013,10/17/2013,,,REHABILITATION/IMPROVEMENT OF FARM-TO-MARKET ROAD,ROAD,B,B1,,,08-13,2013,,,,,FOR EVALUATION ,,1,
02/04/2014,CF,,LGU,,,,4,BATANGAS,,LIAN,,,MAYOR ISAGANI I BOLOMPO,"LIAN, BATANGAS",,,,,20000000.00,20000000.00,,,,,,,01/29/2014,02/04/2014,,,CONSTRUCTION OF FARM-TO-MARKET ROADS IN 10 BARANGAYS,ROAD,B,B1,,,01-14,2014,,,,,FOR EVALUATION ,,1,
02/03/2014,CF,,LGU,,,,4,BATANGAS,,NASUGBU,,,MAYOR ROSARIO APACIBLE,"NASUGBU, BATANGAS",,,,,31000000.00,31000000.00,,,,,,,01/24/2014,02/03/2014,,,CONSTRUCTION OF FARM-TO-MARKET ROADS AT DAYAP-PUTAT-BUNDUCAN-UTOD SECTION,ROAD,B,B1,,,01-14,2014,,,,,FOR EVALUATION ,,1,
02/03/2014,CF,,LGU,,,,4,BATANGAS,,NASUGBU,,,MAYOR ROSARIO APACIBLE,"NASUGBU, BATANGAS",,,,,17000000.00,17000000.00,,,,,,,01/24/2014,02/03/2014,,,CONSTRUCTION OF FARM-TO-MARKET ROADS IN CATANDAAN-MAUGAT SECTION,ROAD,B,B1,,,01-14,2014,,,,,FOR EVALUATION ,,1,
02/03/2014,CF,,LGU,,,,13,AGUSAN DEL SUR,,TRENTO,,,MAYOR JOHNMARK C BILLANES,"TRENTO, AGUSAN DEL SUR",,,,T PABLO - 2012,100000000.00,100000000.00,,,,,,,12/13/2013,02/03/2014,,,REHABILITATION OF SITIO GASA-BAGONG SILANG - CUEVAS FARM-TO-MARKET ROAD AND NRJ POBLACION - SITIO GASA - TUDELA FMR,ROAD,B,B1,,,12-13,2013,,,,,FOR EVALUATION ,,1,
01/16/2014,CF,,LGU,,,,3,PAMPANGA,,CANDABA,,,MAYOR RENE E MAGLANQUE,"CANDABA, PAMPANGA",,,,FLOODING,10000000.00,10000000.00,,,,,,,09/23/2013,01/16/2014,,,REHABILITATION AND  UPGRADING OF THE POBLACION ROAD,ROAD,B,B1,,,09-13,2013,,,,,FOR EVALUATION ,,1,
01/07/2014,CF,,LGU,4TH,,,5,CATANDUANES,,VIGA,,,MAYOR GORDON S OLFINDO,"VIGA, CATANDUANES",,,,,45000000.00,45000000.00,,,,,,,09/16/2013,01/07/2014,,,"CONSTRUCTION OF RIVER FLOOD CONTROL PROJECTS IN VIGA, CATANDUANES",FLOOD CONTROL,B,B3,,,09-13,2013,,,,,FOR EVALUATION ,,4,
01/07/2014,CF,,LGU,,,,2,QUIRINO,,MADELLA,,,MAYOR RENATO G YLANAN,"MADELLA, QUIRINO",,,,T LABUYO - 2013,12782666.00,12782666.00,,,,,,,09/09/2013,01/07/2014,,,REHABILITATION OF INFRASTRUCTURE PROJECTS,OTHERS,B,B7,,,09-13,2013,,,,,FOR EVALUATION ,,1,
01/17/2014,CF,,LGU,,,,4,ORIENTAL MINDORO,,CALAPAN,,,GOV ALFONSO V UMALI JR,ORIENTAL MINDORO,,,,,70000000.00,70000000.00,,,,,,,12/06/2013,01/17/2014,,,RECONSTRUCTION/REHABILITATION OF RIVER CONTROL PROJECTS,FLOOD CONTROL,B,B3,,,12-13,2013,,,,,FOR EVALUATION ,,4,
01/22/2014,CF,,LGU,,,,11,DAVAO DEL SUR,,STA MARIA,,,MAYOR GEORGE P MARISCAL,"STA MARIA, DAVAO DEL SUR",,,,,5435903.00,5435903.00,,,,,,,10/21/2013,01/22/2014,,,CONSTRUCTION  OF FLOOD CONTROL STRUCTUREE IN BARANGAY PONGPONG,FLOOD CONTROL,B,B3,,,10-13,2013,,,,,FOR EVALUATION ,,1,
01/22/2014,CF,,LGU,,,,5,SORSOGON,,STA MAGDALENA,,,MAYOR JOCELYN B GALLANOSA,"STA MAGDALENA, SORSOGON",,,,T REMING & MILENYO,160000000.00,160000000.00,,,,,,,11/27/2013,01/22/2014,,,REPAIR/REHABILITATION OF INFRASTRUCTURE PROJECTS,OTHERS,B,B7,,,11-13,2013,,,,,FOR EVALUATION ,,14,
01/22/2014,CF,,LGU,,,,15,ABRA,,DOLORES,,,MAYOR ROBERT V SEARES JR,"DOLORES, ABRA",,,,,30000000.00,30000000.00,,,,,,,08/12/2013,01/22/2014,,,"CONSTRUCTION OF FLOOD CONTROL STRUCTURES IN BRGYS CORDONA AND ISIT, DOLORES, ABRA",FLOOD CONTROL,B,B3,,,08-13,2013,,,,,FOR EVALUATION ,,1,
01/07/2014,CF,,LGU,,,,6,CAPIZ,,PRESIDENT ROXAS,,,MS FELICITAS BEREBER,"BRGY PRESIDENT ROXAS, CAPIZ",,,,T YOLANDA,,,,,,,,,11/29/2013,01/07/2014,,,FINANCIAL ASSISTANCE FOR THE REPAIR OF HER HOUSE,HOUSE,B,B2,,,11-13,2013,8,02/27/2014,,,NDRRMC REFERRED TO DSWD FOR APPROPRIATE ACTION,,1,
01/08/2014,CF,,NGA,,3RD,DPWH,6,ILOILO,,,,,SEC ROGELIO L SINGSON,DPWH 3RD ILOILO DEO,,,,T YOLANDA,62073000.00,62073000.00,,,,,,,01/08/2014,02/20/2014,,,REHABILITATION OF ROADS AND BRIDGE,ROAD/BRIDGE,B,B1,,,01-14,2014,19,02/20/2014,,,NDRRMC RECOMMENDED THE RELEASE OF P62.073M TO DPWH ILOILO 3RD DEO FOR OP APPROVAL,,9,
02/28/2014,CF,,NGA,,2ND,DPWH,3,NUEVE ECIJA,,,,,SEC ROGELIO L SINGSON,DPWH NUEVA ECIJA 2ND DEO,,,,T LABUYO - 2013,55352338.44,55352338.44,,,,,,,02/26/2014,02/28/2014,,,REPAIR/REHABILITATION OF DIGMALA AND CORONEL RIVER CONTROL STRUCTURES,RIVER CONTROL,B,B3,,,02-14,2014,,,,,FOR PROCESSING ,,2,
02/28/2014,CF,,LGU,5TH,,,1,ILOCOS NORTE,,ADAMS,,,MAYOR ERIC T BAWIGAN,"ADAMS, ILOCOS NORTE","RD, OCDRO 1",02/21/2014,,T VINTA IN 2013,3800000.00,3800000.00,,,,,,,11/04/2013,02/28/2014,,,REHABILITATION OF RIVE CONTROL DIKE IN POBLACION 3,RIVER CONTROL,B,B3,,,11-13,2013,,,,,FOR ENDORSEMENT TO DPWH ,,1,
02/26/2014,CF,,LGU,,,,4,ORIENTAL MINDORO,,,,,VICE GOVERNOR HUMERLITO A DOLOR,ORIENTAL MINDORO,"DES TEOFILO S PILANDO JR, GAO, OP",02/19/2014,,T YOLANDA,195000000.00,195000000.00,,,,,,,12/03/2014,02/26/2014,,,CONSTRUCTION OF RIVER PROTECTION  AND GABION DIKES ,RIVER CONTROL,B,B3,,,12-13,2013,,,,,FOR EVALUATION ,,6,
02/26/2014,CF,,LGU,1ST,,,1,PANGASINAN,,SAN FABIAN,,,MAYOR CONSTANTE B AGBAYANI,"SAN FABIAN, PANGASINAN","RD, OCDRO 1",02/21/2014,,"T NANDO, LABUYO & MARING - 2013",53000000.00,53000000.00,,,,,,,07/25/2013,02/26/2014,,,"REHABILITATION OF RIVER BANK, ROADS AND DREDGING OF RIVER BANKS ",OTHERS,B,B7,,,07-13,2013,,,,,FOR ENDORSEMENT TO DPWH ,,3,
01/17/2014,CF,,LGU,,,,1,PANGASINAN,,SUAL,,,MAYOR ROBERTO LI ARCINUE,"SUAL, PANGASINAN",,,,,,,,,,,,,01/09/2014,01/17/2014,,,"1,000 HOUSING UNITS ",HOUSING UNITS,B,B2,,,01-14,2014,,,,,FOR EVALUATION ,,1,
01/16/2014,CF,,LGU,1ST,,,1,PANGASINAN,,SAN FABIAN,,,MAYOR CONSTANTE B AGBAYANI,"SAN FABIAN, PANGASINAN","USEC AUSTERE A PANADERO, DILG",12/27/2013,,,,,,,,,,,09/25/2014,01/16/2014,,,CONSTRUCTION OF EVACUATION CENTER ,EVAC CENTER,B,B2,,,09-13,2014,,,,,FOR EVALUATION ,,3,
